n_components,accuracy
2,0.94214876033057848
4,0.95867768595041325
6,0.93388429752066116
8,0.93388429752066116
10,0.93388429752066116
12,0.93388429752066116
14,0.94214876033057848
16,0.95041322314049592
18,0.95041322314049592
